﻿{"cameraMode":{"drawMode":0,"name":"Shaded","section":"Shading Mode"},"sceneLighting":true,"audioPlay":false,"sceneViewState":{"showFog":true,"showMaterialUpdate":false,"showSkybox":true,"showFlares":true,"showImageEffects":true,"showParticleSystems":true},"in2DMode":false,"pivot":{"x":-23.30511474609375,"y":-12.970088958740235,"z":-20.418981552124025},"rotation":{"x":0.3331318795681,"y":0.5929134488105774,"z":-0.294127881526947,"w":0.6715397834777832},"size":58.14238739013672,"orthographic":false}