﻿{"cameraMode":{"drawMode":0,"name":"Shaded","section":"Shading Mode"},"sceneLighting":true,"audioPlay":false,"sceneViewState":{"showFog":true,"showMaterialUpdate":false,"showSkybox":true,"showFlares":true,"showImageEffects":true,"showParticleSystems":true},"in2DMode":false,"pivot":{"x":-3.134455680847168,"y":0.9548635482788086,"z":-15.342582702636719},"rotation":{"x":0.1396205574274063,"y":0.396217942237854,"z":-0.06109887734055519,"w":0.9054195284843445},"size":14.909348487854004,"orthographic":false}